Status,VendorName,BillVendorId,M2MVendorID,CurrentAccountNumber,Applied,Error,Note
Unmatched,360 TRAINING,,360,,,,No Bill.com vendor with a matching name.
Unmatched,3CHEM,,3CHEM,,,,No Bill.com vendor with a matching name.
Unmatched,5SSUPPLIES,,5SSup,,,,No Bill.com vendor with a matching name.
Unmatched,8020.COM,,8020,,,,No Bill.com vendor with a matching name.
Unmatched,ABSCO INDUSTRIAL WEIGHING & EQUIP,,ABSCO,,,,No Bill.com vendor with a matching name.
Matched,"Abstract Computer Solutions, LLC",00901KYAOVNODPN8vd0k,ACSLLC,,,,
Unmatched,ACCUSIZE INDUSTRIAL TOOLS,,ACCUSZ,,,,No Bill.com vendor with a matching name.
Unmatched,ACCUSTREAM,,AccuS,,,,No Bill.com vendor with a matching name.
Unmatched,ACE HARDWARE,,ACEHA,,,,No Bill.com vendor with a matching name.
Unmatched,ACES SYSTEMS DIVISION,,ACES,,,,No Bill.com vendor with a matching name.
Matched,"Acroturn Industries USA, LLC",00901CXNUZQMORO8vda1,AIU,,,,
Matched,Adrian L. Little,00901KZEBCIWRVG8vd0m,ALITT,,,,
Matched,Adtec II Tampa,00901RZUKRAGBGK8vd0n,ADTEC,,,,
Matched,Advance Auto Parts,00901AQKFKTSKZS8vd7q,AAP,,,,
AlreadySet,Advanced Powder Coating LLC,00901NOSIIFWODX8vd83,AdvPC,224644,,,Existing accountNumber '224644' kept (would have set 'AdvPC').
Unmatched,AEROBASE GROUP,,AEROBA,,,,No Bill.com vendor with a matching name.
Unmatched,ALL VALLEY HOSE,,ALLVAL,,,,No Bill.com vendor with a matching name.
Unmatched,ALLPRORIGGING.COM,,APRIG,,,,No Bill.com vendor with a matching name.
Unmatched,ALRO METAL,,AM,,,,No Bill.com vendor with a matching name.
Matched,Alro Plastics,00901OHSWHPUZSP8vdbs,ALROP,,,,
Matched,Amazon,00901PYBZGFQVCF8vd0t,AMAZ,,,,
AlreadySet,Amazon Hose and Rubber Company,00901JXIYFQNPXX8vd0u,AHRC,JETSO,,,Existing accountNumber 'JETSO' kept (would have set 'AHRC').
Matched,American Machinery Group,00901MEXYTQQZVM8vd53,AWP,,,,
AlreadySet,"American Metals Supply, Inc.",00901NLQTYKQEZE8vddm,AMI,INV100436,,,Existing accountNumber 'INV100436' kept (would have set 'AMI').
Unmatched,AMERICAN WELDING & GAS,,AWG,,,,No Bill.com vendor with a matching name.
Unmatched,AMERIGAS,,AMGAS,,,,No Bill.com vendor with a matching name.
Matched,AMT CNC Fabrication,00901OQEZUBAIMR8vd0q,AMTFAB,,,,
Matched,Applied Technical Services,00901QKBSCUDLUX8vd9o,ATS,,,,
Matched,APV Manufacturing & Engineering,00901FJBPWXHLZI8vd0s,APV,,,,
Matched,ASAP Semiconductors,00901VWMKHGRWBG8vdbp,ASAP,,,,
Unmatched,ASCO MACHINE,,ASCO,,,,No Bill.com vendor with a matching name.
Unmatched,AUGULETTO CUSTOM UPHOLSTERY INC.,,AUGULE,,,,No Bill.com vendor with a matching name.
Unmatched,AUTOZONE,,AZONE,,,,No Bill.com vendor with a matching name.
Unmatched,"BAD BOY BLASTERS, INC",,BadBoy,,,,No Bill.com vendor with a matching name.
Matched,Badger Welding,00901NGPKJIAYVD8vdet,BADGER,,,,
Unmatched,BAILEIGH INDUSTRIAL HOLDINGSLLC,,Bail,,,,No Bill.com vendor with a matching name.
AlreadySet,Barton International,00901HGXVULKMMU8vdb8,Barton,1449054,,,Existing accountNumber '1449054' kept (would have set 'Barton').
Matched,Blade Serpent,00901VVDLDFEQTL8vd12,BLADES,,,,
Unmatched,BOEING DISTRIBUTION,,Boeing,,,,No Bill.com vendor with a matching name.
Unmatched,BOLTDEPOT.COM,,BLTDPT,,,,No Bill.com vendor with a matching name.
Unmatched,BOOTHFILLTERSTORE.COM,,booth,,,,No Bill.com vendor with a matching name.
Matched,Boss Laser LLC,00901LANFIIQOEY8vd76,boss,,,,
AlreadySet,Braddock Metallurgical Inc,00901ELBFEMCWQD8vd0y,BRADDO,3121,,,Existing accountNumber '3121' kept (would have set 'BRADDO').
Matched,Brevard Rigging Supply,00901MKASZNUFUO8vd13,BRS,,,,
AlreadySet,Brown-Campbell Company,00901GTYOIGEXYT8vddh,BCC,S 1931408,,,Existing accountNumber 'S 1931408' kept (would have set 'BCC').
Unmatched,BRP MANUFACTURING COMPANY,,BRPMAN,,,,No Bill.com vendor with a matching name.
Unmatched,CABLE TIES AND MORE,,CTAM,,,,No Bill.com vendor with a matching name.
Unmatched,CABLEMASTER,,CM,,,,No Bill.com vendor with a matching name.
Unmatched,CAMCODE,,CAMCOD,,,,No Bill.com vendor with a matching name.
AlreadySet,"Canon Financial Services, Inc.",00901PEZTPSOINL8vde3,CANON,35555899,,,Existing accountNumber '35555899' kept (would have set 'CANON').
Matched,Capital Machine,00901JLYQBFESWO8vd17,CAPMAC,,,,
Unmatched,CARBIDE & DIAMOND TOOLING,,cdtool,,,,No Bill.com vendor with a matching name.
Matched,Carr Lane,00901MIFLDJSHSD8vd18,CL,,,,
Unmatched,"CASTER CONCEPTS, INC.",,CCI,,,,No Bill.com vendor with a matching name.
Unmatched,CASTER DEPOT,,Cast,,,,No Bill.com vendor with a matching name.
AlreadySet,Caster Technology Corporation,00901SQPALLMJYC8vddo,CASTEC,4128160,,,Existing accountNumber '4128160' kept (would have set 'CASTEC').
Unmatched,CDTOOLING.COM,,CDT,,,,No Bill.com vendor with a matching name.
Matched,"Celtic Manufacturing, LLC",00901TUUVCETKZN8vddw,Celtic,,,,
Unmatched,CERTIFIED METAL FINISHING INC.,,CMF,,,,No Bill.com vendor with a matching name.
Unmatched,CERTIFIED SLING & SUPPLY,,CSling,,,,No Bill.com vendor with a matching name.
AlreadySet,Chatham Steel,00901CSYDHXKFRB8vdd0,CSTL,7998518,,,Existing accountNumber '7998518' kept (would have set 'CSTL').
Matched,"CIH Support, LLC",00901IIMSJAWOIN8vd15,CIHSup,,,,
AlreadySet,Cintas Corporation,00901SMPHGPPSKG8vddt,CINTAS,0018391645,,,Existing accountNumber '0018391645' kept (would have set 'CINTAS').
Unmatched,CITRUS SAND BLAST,,CITRUS,,,,No Bill.com vendor with a matching name.
Unmatched,COMPETITIVE METALS,,COMPME,,,,No Bill.com vendor with a matching name.
Unmatched,CRATERS & FREIGHTERS OF ORLANDO,,CF,,,,No Bill.com vendor with a matching name.
Matched,Criterion Calibration Services,00901RWKSFHPVLQ8vdd3,CRITER,,,,
AlreadySet,Crystal Springs,00901HNFDTTJPAN8vdag,CRYSPR,893328720714140,,,Existing accountNumber '893328720714140' kept (would have set 'CRYSPR').
Matched,CSG Parts,00901KVHBAVBHOZ8vd1a,CSG,,,,
Unmatched,CYBERWELD.COM,,CYBW,,,,No Bill.com vendor with a matching name.
Unmatched,DAKE CORPORTATION,,Dake,,,,No Bill.com vendor with a matching name.
Unmatched,DIRECT METALS,,DM,,,,No Bill.com vendor with a matching name.
Matched,DJ Fabrication & Welding,00901ZADUEPVYFP8vd1d,DJ,,,,
Unmatched,DKHARDWARE,,DKH,,,,No Bill.com vendor with a matching name.
Unmatched,DOUDNEY SHEET METAL WORKS,,DOUDSM,,,,No Bill.com vendor with a matching name.
Matched,Dutton-Lainson Company,00901VUNSXWRLVE8vd19,DUTTON,,,,
Unmatched,DYNAMIC NDT,,DYNNDT,,,,No Bill.com vendor with a matching name.
Unmatched,EAGLE NATIONAL SUPPLY,,Eagle,,,,No Bill.com vendor with a matching name.
Unmatched,EAGLE QUALITY COMPONENTS,,EQC,,,,No Bill.com vendor with a matching name.
Unmatched,EARL K. WOOD ORANGE CTY TAX COLLECT,,TAXCOL,,,,No Bill.com vendor with a matching name.
Unmatched,EARL M JORGENSEN COMPANY,,emj,,,,No Bill.com vendor with a matching name.
AlreadySet,Eastern Metal Supply,00901VYSSCSJLGA8vder,EMS,060929,,,Existing accountNumber '060929' kept (would have set 'EMS').
Unmatched,EASYSOFT CORPORATION,,ESC,,,,No Bill.com vendor with a matching name.
Unmatched,EBAY,,EBAY,,,,No Bill.com vendor with a matching name.
Unmatched,ELECTRIC AUTOMATION NETWORK,,ELEAUT,,,,No Bill.com vendor with a matching name.
Unmatched,ELECTRIC BARGAIN STORE,,EBS,,,,No Bill.com vendor with a matching name.
Matched,EMF Engineered Components,00901PJXUMJDQMD8vd56,EMF,,,,
Unmatched,EMPIRE ABRASIVES,,EmpAb,,,,No Bill.com vendor with a matching name.
Unmatched,EMPIRE RIGGING,,EmpRig,,,,No Bill.com vendor with a matching name.
Matched,"Environmental Marketing Services, LLC",00901CHWUVQFCKY8vd7d,ENVMKT,,,,
AlreadySet,Epicor,00901KPHYVFVJYT8vddn,EPCOR,100-012277151,,,Existing accountNumber '100-012277151' kept (would have set 'EPCOR').
Unmatched,E-REPLACEMENT PARTS,,erp,,,,No Bill.com vendor with a matching name.
Unmatched,E-SECTOR MACHINING & FABRICATION,,E-SECT,,,,No Bill.com vendor with a matching name.
Unmatched,ETRAILER,,ETRAIL,,,,No Bill.com vendor with a matching name.
Unmatched,EVOLUTION POWER TOOLS,,EvoPT,,,,No Bill.com vendor with a matching name.
Matched,"Excell Coatings, Inc.",00901OTCHUHLFBL8vd1n,ECI,,,,
Matched,Exostar LLC,00901LOELQBIRVD8vd8k,EXOS,,,,
AlreadySet,Fastenal,00901ZCAXVOTPID8vddl,FASTEN,FLOR1100197,,,Existing accountNumber 'FLOR1100197' kept (would have set 'FASTEN').
Unmatched,FED-SPECS,,FEDSPC,,,,No Bill.com vendor with a matching name.
Unmatched,FIXTURE WORKS,,FIXWRK,,,,No Bill.com vendor with a matching name.
Matched,Fixtureworks,00901RURMPXVHLP8vd21,FIXT,,,,
Matched,Flexible Lifeline Systems,00901HXMCDOFPKE8vd22,FLS,,,,
Matched,Florida Department of Revenue,00901DCJAZNKIUR8vdbz,FDR,,,,
AlreadySet,Florida Department of State,00901HNZZLNYFPZ8vd1t,FDS,P04000030090,,,Existing accountNumber 'P04000030090' kept (would have set 'FDS').
AlreadySet,Florida Lift Gas,00901HWIFFAEHNS8vdfa,flg,350293,,,Existing accountNumber '350293' kept (would have set 'flg').
Matched,Florida Metal Craft,00901BJXZGFANVZ8vd1w,FLMETC,,,,
Unmatched,FLORIDA METALLIZING SERVICE INC,,FMSI,,,,No Bill.com vendor with a matching name.
Matched,Freight Quote.com,00901TTZVGTQHTB8vd1u,FQ,,,,
Unmatched,GALESBURG ELECTRICAL,,GALESB,,,,No Bill.com vendor with a matching name.
Unmatched,GLOBALINDUSTRIAL.COM,,GLOBAL,,,,No Bill.com vendor with a matching name.
Matched,GMA Americas,00901LPMOZPWHEA8vd20,GMA,,,,
Unmatched,GMA GARNET,,GMAG,,,,No Bill.com vendor with a matching name.
Matched,Gordon Electric Supply,00901KSLETCELBJ8vd1y,Gordon,,,,
Unmatched,GOVETS.COM,,GoVets,,,,No Bill.com vendor with a matching name.
AlreadySet,"Grainger, Inc.",00901ITESRUSGUD8vddp,GI,876042623,,,Existing accountNumber '876042623' kept (would have set 'GI').
Matched,"Grizzly Industrial, Inc.",00901EHUUQYGXPA8vdbr,GRIZIN,,,,
Matched,Guden,00901MWZBIPYTTH8vd4r,Guden,,,,
Unmatched,HAISSTRONICA,,HAISST,,,,No Bill.com vendor with a matching name.
Unmatched,HANES SUPPLY INC,,HSI,,,,No Bill.com vendor with a matching name.
Matched,Harbor Freight,00901GKYQMXZVHM8vd2d,HF,,,,
Unmatched,"HARCOURT INDUSTRIAL, INC",,HI,,,,No Bill.com vendor with a matching name.
Matched,Herc Rentals,00901CXBDXCSFWW8vd87,Herc,,,,
Matched,"Hexagon Manufacturing Intelligence, Inc.",00901KBQYQIGUAA8vdcw,HEXAGO,,,,
Matched,Hirebotics,00901YUDVROMTQB8vdf4,HIRBOT,,,,
Unmatched,HOBBY LOBBY,,HL,,,,No Bill.com vendor with a matching name.
Matched,Home Depot,00901FPPNORCSCQ8vd26,HDEP,,,,
Matched,Hugg & Hall Equipment,00901EIUWSGOCNC8vd8y,H&H,,,,
Unmatched,HYDRACHECK INC,,HYDCHE,,,,No Bill.com vendor with a matching name.
Unmatched,HYDRADYNE,,Hydrad,,,,No Bill.com vendor with a matching name.
Matched,Hydrasearch,00901VAHVTBQMUX8vd28,Hydra,,,,
Matched,Igus Inc.,00901CQERWSSSNN8vd8w,IGUS,,,,
Unmatched,INCERTEC (SYNERGY METAL FINISHING),,SMF,,,,No Bill.com vendor with a matching name.
Unmatched,INDUSTRIAL DEPOT,,ID,,,,No Bill.com vendor with a matching name.
AlreadySet,Inspection Xpert,00901SBZVFXMVPJ8vd5x,INSPEX,050512,,,Existing accountNumber '050512' kept (would have set 'INSPEX').
Matched,Insurance Office of America,00901MJWCNQZQDZ8vdbh,IOA,,,,
Matched,Internal Revenue Service,00901JWJBGCFVBK8vd2i,IRS,,,,
Unmatched,"ISO GROUP, INC.",,ISOGRP,,,,No Bill.com vendor with a matching name.
Matched,J. Herbert Corporation,00901ZLKAAEHRTS8vd93,JHerb,,,,
Matched,James Little,00901ISCNRRKEPB8vd77,JLITT,,,,
Unmatched,JA-SUPPLY.COM,,JA,,,,No Bill.com vendor with a matching name.
Unmatched,JERGENS MANUFACTURING EFFICIENCY,,JERGMF,,,,No Bill.com vendor with a matching name.
Unmatched,JOANN FABRICS,,JF,,,,No Bill.com vendor with a matching name.
Unmatched,JOHNSON SUPPLY COMPANY,,JSC,,,,No Bill.com vendor with a matching name.
Matched,Joyce/Dayton Corp.,00901HFTNLSRWFV8vdck,JDC,,,,
Unmatched,K&T MANUFACTURING & WELDING,,K&TM,,,,No Bill.com vendor with a matching name.
Unmatched,KAB TECH CORP,,KABTEC,,,,No Bill.com vendor with a matching name.
Matched,"Katy Equipment,Inc",00901GJYBGOBGCZ8vd7e,Katy,,,,
Matched,KCE Force Lift Service,00901YXFRYLJCXS8vddz,KCE,,,,
Unmatched,KEEP SUPPLY,,KEEPSU,,,,No Bill.com vendor with a matching name.
Unmatched,KINEMATICS,,KINEMA,,,,No Bill.com vendor with a matching name.
Matched,King of Freight,00901SHLEXFQOHO8vdcf,KofF,,,,
Unmatched,KNIGHT GLOBAL,,Knight,,,,No Bill.com vendor with a matching name.
Unmatched,L&S TRUCKING,,L&S,,,,No Bill.com vendor with a matching name.
Matched,Larson Electronics*,00901HOCMOEQLKM8vdes,LELLC,,,,
Matched,Lavi Industries,00901DIQKZXBQCJ8vd82,Lavi,,,,
Matched,Lowe's,00901YCHDMZNDEW8vd2n,LOWES,,,,
Unmatched,LYNCH FLUID CONTROLS,,LYNCHF,,,,No Bill.com vendor with a matching name.
Matched,Lynn Welding,00901CWDLWRSOQY8vd2o,Lynn,,,,
Matched,Mag Welding,00901TMNUPACKTB8vd2p,MAGWLD,,,,
Unmatched,MANTEC SERVICES INC.,,MANTEC,,,,No Bill.com vendor with a matching name.
Matched,Mark Gerard Machine,00901VZGWESHLSV8vd2x,MarkG,,,,
Unmatched,MARSHALL E. CAMPBELL COMPANY,,MEC,,,,No Bill.com vendor with a matching name.
Unmatched,MASTER ELECTRONICS,,MASELE,,,,No Bill.com vendor with a matching name.
AlreadySet,Matheson Tri-Gas Inc.,00901JFJJREZKAZ8vdcv,MTGI,Z1416,,,Existing accountNumber 'Z1416' kept (would have set 'MTGI').
Unmatched,MAVERICK ABRASIVES,,MA,,,,No Bill.com vendor with a matching name.
AlreadySet,Mazak Corporation,00901YAXVIECYZO8vdd5,Mazak,SIV0342932,,,Existing accountNumber 'SIV0342932' kept (would have set 'Mazak').
Matched,MB Machine,00901UTVJCMZQCP8vd2z,MBMach,,,,
AlreadySet,McMaster-Carr,00901RYAKVNXFSN8vde7,MC,35670299,,,Existing accountNumber '35670299' kept (would have set 'MC').
Unmatched,MERIT FASTENERS,,MERIT,,,,No Bill.com vendor with a matching name.
Unmatched,MES PAINT & DETAIL,,MES,,,,No Bill.com vendor with a matching name.
Unmatched,METALS DEPOT INTERNATIONAL,,MDI,,,,No Bill.com vendor with a matching name.
Matched,Metnology,00901ASNGMVDNEV8vdf3,metno,,,,
Matched,MF Supply,00901FIDBLMYZRE8vd00,MF,,,,
Unmatched,MFG.COM,,MFG,,,,No Bill.com vendor with a matching name.
Matched,Military-Fasteners,00901XKENKZZSMK8vd05,MILFAS,,,,
AlreadySet,Miller/Motion,00901SVVYYPGXOX8vd2w,MOTION,108460-01,,,Existing accountNumber '108460-01' kept (would have set 'MOTION').
Unmatched,MITSUBISHI ELECTRIC,,MTSE,,,,No Bill.com vendor with a matching name.
Unmatched,MOCAYO PRECISION,,mocayo,,,,No Bill.com vendor with a matching name.
Unmatched,MONROE AEROSPACE,,monroe,,,,No Bill.com vendor with a matching name.
AlreadySet,MSC/J&L Industrial,00901OYWQSGVNSM8vd5b,MSC,3717673,,,Existing accountNumber '3717673' kept (would have set 'MSC').
AlreadySet,N.T. Ruddock Company,00901OQICOXHZNM8vd2u,NTRUD,0414312-IN,,,Existing accountNumber '0414312-IN' kept (would have set 'NTRUD').
Matched,NJC Machine Co.,00901NRTYPBPNDU8vd32,NJC,,,,
Matched,Northern Tool,00901ZXMIKGXBSC8vd33,NTOOL,,,,
Matched,"Northwest Rubber Extruders, Inc.",00901GIVWXVOXNT8vd61,NWRE,,,,
Unmatched,NOVA METAL PRODUCTS,,NovaM,,,,No Bill.com vendor with a matching name.
Unmatched,NTS ORLANDO,,NTS,,,,No Bill.com vendor with a matching name.
Matched,Office Depot,00901RXXOUGFVEX8vd35,ODEPO,,,,
Unmatched,ONLINEMETALS.COM,,OM,,,,No Bill.com vendor with a matching name.
Ambiguous,OPTISOLUTIONS LLC,,OS,,,,2 Bill.com vendors share this name; City/Zip did not resolve a single match.
AlreadySet,Orange County Comptroller,00901ORCTFLXIXI8vd5d,OCC,FA19751-90104,,,Existing accountNumber 'FA19751-90104' kept (would have set 'OCC').
Unmatched,ORANGE COUNTY CONVENTION CENTER,,OCCC,,,,No Bill.com vendor with a matching name.
Matched,Orange County Tax Collector,00901BKJFACQDCQ8vd36,OCTC,,,,
AlreadySet,Orange County Utilities,00901DTJAWPEUYS8vd8q,OCU,9056629762,,,Existing accountNumber '9056629762' kept (would have set 'OCU').
Unmatched,O'REILLY AUTO PARTS,,OREILL,,,,No Bill.com vendor with a matching name.
Unmatched,OSHCUT,,OSHCUT,,,,No Bill.com vendor with a matching name.
Unmatched,"OUTDOOR LIVING PRODUCTS, INC",,OUTLIV,,,,No Bill.com vendor with a matching name.
Unmatched,PACKAGING CORPORATION OF AMERICA,,PCA,,,,No Bill.com vendor with a matching name.
Unmatched,PALLET PEOPLE,,PELLET,,,,No Bill.com vendor with a matching name.
AlreadySet,Palmer Electric,00901GNBIWSSWJW8vdf6,Palmer,326214,,,Existing accountNumber '326214' kept (would have set 'Palmer').
Matched,Paylocity,00901ZOGVLWBIRJ8vdej,pay,,,,
Matched,PE Manufacturing,00901AUUBZWJTMK8vd3a,PEMFG,,,,
Unmatched,PEAK MACHINE SHOP,,peak,,,,No Bill.com vendor with a matching name.
Unmatched,Peninsula Metal Finishing,,PMF,,,,No Bill.com vendor with a matching name.
AlreadySet,"PeopleReady Florida, Inc.",00901COONDLZUVL8vdc4,PEOPLE,001048906,,,Existing accountNumber '001048906' kept (would have set 'PEOPLE').
AlreadySet,Performance Powder Coating,00901QXYUAQVXHS8vd7w,PPC,16759,,,Existing accountNumber '16759' kept (would have set 'PPC').
Matched,PGI Steel,00901CGHDRVFNRI8vd8h,PGIS,,,,
Unmatched,PHENTER SALES,,PHENSA,,,,No Bill.com vendor with a matching name.
Matched,Phoenix Metals,00901IZNOJOQJKW8vdbe,PHOMET,,,,
Unmatched,PIPING NOW,,PipNow,,,,No Bill.com vendor with a matching name.
Unmatched,"PLATINUM NDT, LLC",,PLANDT,,,,No Bill.com vendor with a matching name.
Matched,Powder Addiction,00901CMQNNPIEXK8vddf,PADCT,,,,
Unmatched,PPG PAINTS,,PPG,,,,No Bill.com vendor with a matching name.
Unmatched,PRACTICAL TEK LLC.,,PTEK,,,,No Bill.com vendor with a matching name.
Matched,"Precise Barrels, LLC.",00901FKNXMJRBUE8vd3h,PRECIB,,,,
Unmatched,PRECISECAST PROTOTYPE & ENGINEERING,,PRECIC,,,,No Bill.com vendor with a matching name.
Unmatched,PRIMARY MACHINE,,PRM,,,,No Bill.com vendor with a matching name.
Unmatched,PROAIRSUPPLY,,PAS,,,,No Bill.com vendor with a matching name.
Unmatched,"PURITAS METAL PRODUCTS, INC.",,PMPI,,,,No Bill.com vendor with a matching name.
Unmatched,QBUILD ERP ENGINEERING INTEGRATION,,Qbuild,,,,No Bill.com vendor with a matching name.
Unmatched,QUANTUM MACHINERY GROUP (SIEGMUND),,SIEGMU,,,,No Bill.com vendor with a matching name.
Unmatched,QUINGDAO JINGHONG PRECISION IND CO,,QUINGD,,,,No Bill.com vendor with a matching name.
Matched,R.S. Hughes,00901BZSWPVMGMF8vd3d,RSHUS,,,,
Unmatched,RADWELL INTERNATIONAL,,RADWEL,,,,No Bill.com vendor with a matching name.
Unmatched,RAGLADY,,RAGLAD,,,,No Bill.com vendor with a matching name.
Matched,Reliable Hardware,00901HICUDWKNFB8vd3g,RELIAB,,,,
Unmatched,RESPSAFETY,,RESPSA,,,,No Bill.com vendor with a matching name.
Unmatched,RIGGINGWAREHOUSE.COM,,RIGWHS,,,,No Bill.com vendor with a matching name.
Matched,Ring Power Corp.,00901IOEFMRLRZP8vdbb,RINGP,,,,
Unmatched,ROBERTS OXYGEN,,ROBERT,,,,No Bill.com vendor with a matching name.
Unmatched,ROKAP FOD SIGNS,,ROKAP,,,,No Bill.com vendor with a matching name.
Unmatched,RYERSON - TAMPA,,RYERSO,,,,No Bill.com vendor with a matching name.
Unmatched,"SACKETT REPAIR, LLC",,SACKTT,,,,No Bill.com vendor with a matching name.
Unmatched,SAFERITE SOLUTIONS,,SAFRIT,,,,No Bill.com vendor with a matching name.
Matched,Safety-Kleen,00901VZRVUTSRLN8vdb7,SKLEEN,,,,
Unmatched,SAFETYSIGN.COM,,Safety,,,,No Bill.com vendor with a matching name.
Unmatched,SANDVIK COROMANT,,SANDVI,,,,No Bill.com vendor with a matching name.
Unmatched,SCOTCHMAN INDUSTRIES,,Scotch,,,,No Bill.com vendor with a matching name.
Unmatched,"SCR PRECISION TUBE BENDING, INC",,scrp,,,,No Bill.com vendor with a matching name.
Unmatched,SEA GEAR MARINE,,SEAGEA,,,,No Bill.com vendor with a matching name.
Matched,Seminole Metal Finishing,00901AODTWLUJOK8vdf2,SEMFIN,,,,
Matched,"Servtronics, Inc",00901JMQXASDYUA8vd5h,SINC,,,,
Unmatched,SEYMOUR PAINTS AND COATINGS,,SEYPAI,,,,No Bill.com vendor with a matching name.
AlreadySet,Sherwin Williams Paint,00901EZKLKCHFXZ8vddb,SWP,4445-4420-9,,,Existing accountNumber '4445-4420-9' kept (would have set 'SWP').
Unmatched,SIERRA VICTOR IND.,,SVI,,,,No Bill.com vendor with a matching name.
Unmatched,SIGMASURPLUS.COM,,SigmaS,,,,No Bill.com vendor with a matching name.
Matched,Sky Geek,00901XCTDCNCDYC8vd3s,SGEEK,,,,
Unmatched,SKY MART,,SMart,,,,No Bill.com vendor with a matching name.
Matched,Solberg Manufacturing,00901SBTDZLKJKY8vd6n,SOLMFG,,,,
Unmatched,SOLIDEXPERTS,,SEXP,,,,No Bill.com vendor with a matching name.
Unmatched,SOUTH ATLANTIC LLC,,SAL,,,,No Bill.com vendor with a matching name.
Unmatched,SOUTHEAST TOYOTA FLORIDA,,TOYOTA,,,,No Bill.com vendor with a matching name.
Matched,Southern States Toyota Lift,00901ZNXMLNVJUM8vde8,SSLIFT,,,,
Unmatched,SPEED FABRICATION,,SPDFAB,,,,No Bill.com vendor with a matching name.
Unmatched,SPRAYER DEPOT,,SD,,,,No Bill.com vendor with a matching name.
Unmatched,STAN WEAVER & COMPANY,,SWC,,,,No Bill.com vendor with a matching name.
Matched,Stanley Steemer,00901HAXVAYLWNM8vd45,STANST,,,,
Matched,Staples,00901QEVAGHUXFY8vd46,STAP,,,,
Unmatched,STEWART STAINLESS,,STEWST,,,,No Bill.com vendor with a matching name.
AlreadySet,Sunbelt Rentals Inc,00901XKYLTVUVQD8vdc3,SUNBLT,818425,,,Existing accountNumber '818425' kept (would have set 'SUNBLT').
Unmatched,SUNCOAST PRECISION TOOLS,,SPT,,,,No Bill.com vendor with a matching name.
Unmatched,SUN-GLO PLATING CO.,,SGPC,,,,No Bill.com vendor with a matching name.
AlreadySet,Sunstate Equipment Co.,00901JNDYSMUCMY8vd91,SUNST,176382,,,Existing accountNumber '176382' kept (would have set 'SUNST').
Unmatched,SUPERIOR COATINGS OF AMERICA,,SUPCOA,,,,No Bill.com vendor with a matching name.
Unmatched,SUPPLY HOUSE.COM,,SUPHS,,,,No Bill.com vendor with a matching name.
AlreadySet,Synergy Equipment,00901SPSJKJIJUC8vdcj,SYNEQP,12171,,,Existing accountNumber '12171' kept (would have set 'SYNEQP').
Matched,Syntime Metal & Plastic Products,00901GPNCOGMGGF8vd02,SYNTIM,,,,
AlreadySet,Tampa Bay Steel,00901DFKWTHQGZS8vdd7,TBS,TPAIV-470479,,,Existing accountNumber 'TPAIV-470479' kept (would have set 'TBS').
Unmatched,TARGET,,TARG,,,,No Bill.com vendor with a matching name.
Unmatched,"TEAM, INC",,TEAMIN,,,,No Bill.com vendor with a matching name.
Matched,Texas First Rentals,00901UYIBVZWNKG8vd3y,TEXFIR,,,,
AlreadySet,TexTrail,00901WXFNEZKCPY8vd3z,TEXTRA,26715,,,Existing accountNumber '26715' kept (would have set 'TEXTRA').
Matched,Textron Aviation Inc.,00901NJLSXEMEKA8vd40,TEXTRO,,,,
Unmatched,THE GOODYEAR TIRE AND RUBBER CO,,TGTRC,,,,No Bill.com vendor with a matching name.
Unmatched,THOMSON INDUSTRIES INC.,,THOMSO,,,,No Bill.com vendor with a matching name.
Unmatched,"THREAD CHECK, INC.",,THRDCK,,,,No Bill.com vendor with a matching name.
Unmatched,THRIFTBOOKS.COM,,THRIFT,,,,No Bill.com vendor with a matching name.
Unmatched,TILE BY LIFE360,,Tile,,,,No Bill.com vendor with a matching name.
Unmatched,TOOLOTS.COM,,TLOTS,,,,No Bill.com vendor with a matching name.
Matched,Torchstar Lighting,00901WWWALXZYSL8vd0e,Torch,,,,
Unmatched,TRACEY TRUCK PARTS,,TTP,,,,No Bill.com vendor with a matching name.
Unmatched,TRACTOR SUPPLY COMPANY,,TSC,,,,No Bill.com vendor with a matching name.
Unmatched,TRAILER PARTS SUPERSTORE,,TPS,,,,No Bill.com vendor with a matching name.
Matched,Trick Tools,00901NGTJYAEZRQ8vd5r,TRICK,,,,
Matched,Tychon,00901QNKWSUCBDF8vd4a,Tychon,,,,
AlreadySet,Uline,00901ORJXWKZNHK8vdds,ULINE,174726930,,,Existing accountNumber '174726930' kept (would have set 'ULINE').
AlreadySet,Unishippers,00901DYHMDOBENA8vd84,UNISHI,240905W001919,,,Existing accountNumber '240905W001919' kept (would have set 'UNISHI').
Unmatched,UNITED PARCEL SERVICES,,UPS,,,,No Bill.com vendor with a matching name.
Unmatched,UNITED RENTALS,,UR,,,,No Bill.com vendor with a matching name.
Unmatched,UNITED STATES TREASURY,,UST,,,,No Bill.com vendor with a matching name.
Matched,Universal Tool Engineering,00901OWMHINVTRD8vddi,UTE,,,,
AlreadySet,US Logistics,00901CGNFJLVRDQ8vdbx,USLog,1133180,,,Existing accountNumber '1133180' kept (would have set 'USLog').
AlreadySet,USAnchor,00901UJZVPQESZD8vd5i,USAnch,1362_Revised,,,Existing accountNumber '1362_Revised' kept (would have set 'USAnch').
Unmatched,USPS,,USPS,,,,No Bill.com vendor with a matching name.
Unmatched,VALMONT TAMPA GALVANIZING,,VTG,,,,No Bill.com vendor with a matching name.
Matched,"Versa Integrity Group, Inc.",00901IMAUAMIWOE8vd4e,VIGI,,,,
Unmatched,VISTA PRINT,,Vista,,,,No Bill.com vendor with a matching name.
Unmatched,VOYA,,VOYA,,,,No Bill.com vendor with a matching name.
Unmatched,WALGREENS,,WALG,,,,No Bill.com vendor with a matching name.
Unmatched,WALMART,,WALMAR,,,,No Bill.com vendor with a matching name.
Unmatched,WASTE PRO,,WASTE,,,,No Bill.com vendor with a matching name.
Unmatched,WELDFABULOUS,,WELDFA,,,,No Bill.com vendor with a matching name.
Unmatched,WELDING SUPPLIES FROM IOC,,Weld,,,,No Bill.com vendor with a matching name.
Unmatched,WEST MARINE,,WESTMA,,,,No Bill.com vendor with a matching name.
AlreadySet,Westbrook,00901GRZKDTWLDU8vde0,WB,C28325,,,Existing accountNumber 'C28325' kept (would have set 'WB').
Unmatched,WESTWAY ELECTRIC SUPPLY,,WESTWA,,,,No Bill.com vendor with a matching name.
Matched,Windsor Metal Finishing,00901PSHLOWCLNY8vd4j,WINDMF,,,,
Unmatched,WIRE & CABLE YOUR WAY,,WCYW,,,,No Bill.com vendor with a matching name.
Matched,Xometry Inc.,00901KWUZIKYNFW8vd8m,XOM,,,,
Unmatched,YANGZHOU HIRACE OUTDOOR CO. LTD,,Hirace,,,,No Bill.com vendor with a matching name.
Unmatched,YEAGER MANUFACTURING TECHNOLOGIES,,yeager,,,,No Bill.com vendor with a matching name.
AlreadySet,Zoro Tools*,00901OBDSSNBSEI8vde5,ZOROT,INV15139694,,,Existing accountNumber 'INV15139694' kept (would have set 'ZOROT').
Matched,Four Arrows Marketing LLC,00901LCEQFUXSRV8vdau,001251,,,,
Matched,KUL Office Furniture,00901UGFBCSFBLJ8vdbc,001252,,,,
Unmatched,Industrial General Store,,001253,,,,No Bill.com vendor with a matching name.
Matched,Metro Steel,00901ZZNUDYJOQR8vdce,001254,,,,
Unmatched,Discount Rubber Direct,,001255,,,,No Bill.com vendor with a matching name.
Matched,Bevel Corporation,00901QNTMJTVCNV8vdb3,001256,,,,
Matched,Epco,00901ACKUZBZLTC8vda3,001257,,,,
AlreadySet,FFVA Mutual Insurance Company,00901JKTBZYKCEZ8vdb2,FFVA,1673165,,,Existing accountNumber '1673165' kept (would have set 'FFVA').
Matched,HRthought,00901FSKXEMMJAX8vde2,HRTH,,,,
Ambiguous,HRThought LLC,,001289,,,,0 Bill.com vendors share this name; City/Zip did not resolve a single match.
Unmatched,Seastrom Manufacturing,,001261,,,,No Bill.com vendor with a matching name.
Matched,Weldtest Services,00901VKRPUTJDSG8vde4,WTS,,,,
Unmatched,Chicago Rolled Products Company,,001264,,,,No Bill.com vendor with a matching name.
Matched,Elite Metal Finishing,00901XYJGMIVJTT8vddv,001265,,,,
Matched,Bescutter,00901PVVRVEHWZU8vdai,001266,,,,
Matched,Andy's Garage Door LLC,00901XMLMLTJLLG8vdbg,001267,,,,
Matched,Fedex,00901CNIMSXOEFG8vd1q,001268,,,,
Matched,The Rust Store,00901DOMLAJYUMM8vdat,001269,,,,
Matched,Qualified Machine Shop,00901WIGJXPTSEL8vddu,001270,,,,
Matched,Boyens Machining Inc.,00901LBHYHAANFH8vdcm,001271,,,,
Matched,1cutfab,00901FBTVFIZPRX8vdcl,001272,,,,
Matched,"AirGas USA, LLC",00901MBKJEXPSMA8vdcz,001273,,,,
Matched,Riteway Brake Dies Inc,00901WAABYBIKSL8vdct,001274,,,,
Unmatched,Kaitlyn Kimball,,001275,,,,No Bill.com vendor with a matching name.
AlreadySet,McNichols Company,00901FBERMWFUPD8vddk,001276,4099346,,,Existing accountNumber '4099346' kept (would have set '001276').
Unmatched,"Richard T. Martin, PE",,001277,,,,No Bill.com vendor with a matching name.
Unmatched,IRWaterJet,,001278,,,,No Bill.com vendor with a matching name.
Matched,Elite Metal Tools,00901XJVWHPHTIE8vdcb,001279,,,,
Unmatched,James Industrial Service,,001280,,,,No Bill.com vendor with a matching name.
Unmatched,Aptean Made2Manage,,001281,,,,No Bill.com vendor with a matching name.
Unmatched,Marstrand Industries,,001282,,,,No Bill.com vendor with a matching name.
Matched,LEX Engineering,00901NJOKKJCTFD8vdf7,001283,,,,
Matched,A&M Fire and Safety Equipment LLC,00901XXULHPVDAQ8vdde,001284,,,,
Matched,Jennifer Poitier,00901RDPUGQFFEH8vdex,001285,,,,
Unmatched,Barak and Brazos Engineering Pvt Lt,,001287,,,,No Bill.com vendor with a matching name.
Matched,Contractors Tool Service,00901JCZDRNDYCJ8vdcp,001288,,,,
Unmatched,B&B Cyber Solutions,,001291,,,,No Bill.com vendor with a matching name.
Matched,Hydrafil,00901ZINHJYCSKA8vdeo,001292,,,,
Unmatched,Northern Safety Company,,001293,,,,No Bill.com vendor with a matching name.
Unmatched,Michael Curry Landscaping,,001294,,,,No Bill.com vendor with a matching name.
AlreadySet,Primo Brands,00901LKJBUHPFGK8vde9,001295,8760094880,,,Existing accountNumber '8760094880' kept (would have set '001295').
Matched,Playbook Digital Solutions LLC,00901ORMTBGJIJF8vddq,001296,,,,
Matched,NDE ADVANCED SERVICES LLC,00901MLOPTEBHOQ8vdd9,001298,,,,
Unmatched,Taskmaster Components,,001299,,,,No Bill.com vendor with a matching name.
Unmatched,LK Electrical and Services LLC,,001300,,,,No Bill.com vendor with a matching name.
Unmatched,Alaco Ladder Company,,001301,,,,No Bill.com vendor with a matching name.
Unmatched,3DS Technologies Inc,,001302,,,,No Bill.com vendor with a matching name.
Unmatched,Pro-Doors LLC,,001303,,,,No Bill.com vendor with a matching name.
Unmatched,City Electric Supply,,001304,,,,No Bill.com vendor with a matching name.
Unmatched,Joy Aviation Supply,00901DBMXTPAWZC8vd2g,,,,,Bill.com vendor with no matching M2M row.
Unmatched,InXpress,00901XQJJRRNGXM8vd2h,,15332502,,,Bill.com vendor with no matching M2M row.
Unmatched,"Jet-Tek, LLC",00901WCOUHIFJGB8vd2j,,,,,Bill.com vendor with no matching M2M row.
Unmatched,"JETechnology Solutions, Inc",00901IUUGWFDLZU8vd2k,,,,,Bill.com vendor with no matching M2M row.
Unmatched,Jergens,00901EQRXFYUUXP8vd2l,,,,,Bill.com vendor with no matching M2M row.
Unmatched,Lexco Cable,00901UFLNJCRWZY8vd2m,,,,,Bill.com vendor with no matching M2M row.
Unmatched,Technology for Energy Corp.,00901XFOMAQVRUH8vd5j,,38913,,,Bill.com vendor with no matching M2M row.
Unmatched,American AED,00901FAOUXMWKTY8vd5k,,,,,Bill.com vendor with no matching M2M row.
Unmatched,H A Guden,00901BRLRQIUADQ8vd5l,,,,,Bill.com vendor with no matching M2M row.
Unmatched,HA Guden,00901JJQKIWGXCR8vd5m,,,,,Bill.com vendor with no matching M2M row.
Unmatched,Locksmith & Garage Service,00901RKQWPMCXXW8vd5n,,,,,Bill.com vendor with no matching M2M row.
Unmatched,Sicta Budget,00901PDZIYZPTNN8vd5o,,,,,Bill.com vendor with no matching M2M row.
Unmatched,Sonco Perimeter Security,00901TTVOGWWEKP8vd5p,,,,,Bill.com vendor with no matching M2M row.
Unmatched,Stott Bolt & Supply,00901PHGQEYGFSA8vd5q,,,,,Bill.com vendor with no matching M2M row.
Unmatched,Manufacturers Assn of Central FL,00901IWJQGNCTSA8vd8l,,,,,Bill.com vendor with no matching M2M row.
Unmatched,Totally Promotional,00901OBBQNAZRLK8vd8n,,,,,Bill.com vendor with no matching M2M row.
Unmatched,"Mahr, Inc.",00901TNWLIKOIBY8vd8o,,,,,Bill.com vendor with no matching M2M row.
Unmatched,"AM Metal Finishing, Inc.",00901IRRWFLNMXE8vd8p,,,,,Bill.com vendor with no matching M2M row.
Unmatched,Constant Contact,00901DYNLAQYTIL8vd8r,,,,,Bill.com vendor with no matching M2M row.
Unmatched,Sodick Inc.,00901TJLMODHBRW8vd8s,,,,,Bill.com vendor with no matching M2M row.
Unmatched,Informa Media / Aviation,00901GIZTMSSSLE8vdbk,,,,,Bill.com vendor with no matching M2M row.
Unmatched,red-d-arc,00901WYSIMAOYMV8vdbl,,C100028620,,,Bill.com vendor with no matching M2M row.
Unmatched,incertec,00901CKHYCCAYJL8vdbm,,,,,Bill.com vendor with no matching M2M row.
Unmatched,Spectrum Business,00901PWFDQNGMZY8vdbn,,0050254416-01,,,Bill.com vendor with no matching M2M row.
Unmatched,AT&T,00901MTHQPWQMGL8vdbo,,,,,Bill.com vendor with no matching M2M row.
Unmatched,Peerless Aerospace Fastener Corp.,00901GBJXSJGUSH8vdbq,,,,,Bill.com vendor with no matching M2M row.
Unmatched,Angle Insurance,00901TUDLIUKPWP8vdea,,,,,Bill.com vendor with no matching M2M row.
Unmatched,AGENCY ANALYTICS,00901TOULPVVDVF8vdeb,,,,,Bill.com vendor with no matching M2M row.
Unmatched,GM Financial,00901GTQTQWYWCR8vdec,,,,,Bill.com vendor with no matching M2M row.
Unmatched,Duke Energy,00901FKLYYZUKAU8vded,,97972-58139,,,Bill.com vendor with no matching M2M row.
Unmatched,"Wells Fargo Bank, NA - Forklift",00901JYSLICZXBV8vdee,,301-0015422-000,,,Bill.com vendor with no matching M2M row.
Unmatched,Transamerican Insurance,00901VMXYYOHEHZ8vdef,,,,,Bill.com vendor with no matching M2M row.
Unmatched,United of Omaha Life Insurance,00901IMJIVKLORD8vdeg,,,,,Bill.com vendor with no matching M2M row.
Unmatched,Voya Financial,00901GKAZGTXMAM8vdeh,,81F823,,,Bill.com vendor with no matching M2M row.
Unmatched,"LeMetra Investments, LLC.",00901BKFQRFBMUH8vdei,,,,,Bill.com vendor with no matching M2M row.
Unmatched,Mahrs Air & Heat,00901UUQKTYVZBN8vd2q,,,,,Bill.com vendor with no matching M2M row.
Unmatched,Wichita Airport Hotel,00901AOJGQMISSY8vd5s,,,,,Bill.com vendor with no matching M2M row.
Unmatched,The Lee Company,00901WURVIVELIK8vd8t,,1705300,,,Bill.com vendor with no matching M2M row.
Unmatched,Ametek,00901LWDXFRVDCI8vdbt,,,,,Bill.com vendor with no matching M2M row.
Unmatched,Small Business Administration,00901XMBDDSUMPF8vdek,,,,,Bill.com vendor with no matching M2M row.
Unmatched,D&C Parking Lot Maintenance Inc.,00901XHMOTUFYET8vczy,,,,,Bill.com vendor with no matching M2M row.
Unmatched,Z Promotions,00901HCADPPISTV8vczz,,,,,Bill.com vendor with no matching M2M row.
Unmatched,Sunglo Machining & Metal Finishing,00901LNAAHWLVOS8vd01,,,,,Bill.com vendor with no matching M2M row.
Unmatched,DK Hardware,00901JXSGTQHFEL8vd03,,,,,Bill.com vendor with no matching M2M row.
Unmatched,RoKap,00901LAEMYBTRLN8vd04,,,,,Bill.com vendor with no matching M2M row.
Unmatched,Fastest Labs,00901ICIJBELGEU8vd06,,,,,Bill.com vendor with no matching M2M row.
Unmatched,miMotion,00901EMRVPFJKRT8vd2r,,,,,Bill.com vendor with no matching M2M row.
Unmatched,Misc Vendor (incl vend name in desc/ref),00901VOTKUBJUPX8vd2s,,,,,Bill.com vendor with no matching M2M row.
Unmatched,My Fax,00901RYUXHXLGSX8vd2t,,,,,Bill.com vendor with no matching M2M row.
Unmatched,Micro Measurements,00901UCJXJRFLES8vd2v,,,,,Bill.com vendor with no matching M2M row.
Unmatched,Marking Methods,00901VNXNEYNJTW8vd2y,,,,,Bill.com vendor with no matching M2M row.
Unmatched,Acme Industries,00901ZHILYGXQWJ8vd30,,,,,Bill.com vendor with no matching M2M row.
Unmatched,Central Florida Expressway Authority,00901TUKCFPRWPM8vd5t,,T8954401,,,Bill.com vendor with no matching M2M row.
Unmatched,Fabtech*,00901ZULYMDZGVS8vd5u,,,,,Bill.com vendor with no matching M2M row.
Unmatched,Aliexpress,00901SVEXXOUOOM8vd5v,,,,,Bill.com vendor with no matching M2M row.
Unmatched,Experian Small Business,00901GLVRSMCYCN8vd5w,,,,,Bill.com vendor with no matching M2M row.
Unmatched,United Airlines.,00901QUPWOEXCMP8vd5y,,,,,Bill.com vendor with no matching M2M row.
Unmatched,Best Western,00901SPPQYCBILX8vd5z,,,,,Bill.com vendor with no matching M2M row.
Unmatched,JW Winco,00901FNRPFQXREA8vd60,,,,,Bill.com vendor with no matching M2M row.
Unmatched,"Pro Concrete Cutting, LLC",00901BGIGBRWWHC8vd62,,,,,Bill.com vendor with no matching M2M row.
Unmatched,Auto-Owners Insurance,00901NXGSLFWMHH8vd8u,,52-929921-00,,,Bill.com vendor with no matching M2M row.
Unmatched,Century Spring Corp.,00901SWLNTNVKPR8vd8v,,,,,Bill.com vendor with no matching M2M row.
Unmatched,ANSI,00901YCTCXDQFBV8vd8x,,,,,Bill.com vendor with no matching M2M row.
Unmatched,Broadvoice,00901TBVZWZSFNT8vd8z,,,,,Bill.com vendor with no matching M2M row.
Unmatched,CDW Corporation,00901KGTOUMHNYI8vd90,,,,,Bill.com vendor with no matching M2M row.
Unmatched,Optisolutions LLC,00901MTXQPDRHSZ8vd92,,,,,Bill.com vendor with no matching M2M row.
Unmatched,QBuild Corporation,00901OJKBSLIRFC8vdbu,,,,,Bill.com vendor with no matching M2M row.
Unmatched,Cignys,00901XZHIUQQXXD8vdbv,,,,,Bill.com vendor with no matching M2M row.
Unmatched,George F Young,00901CEQTIEZUUE8vdbw,,,,,Bill.com vendor with no matching M2M row.
Unmatched,dynamic non-destructive testing inc.,00901ZLEFVFTMIG8vdby,,,,,Bill.com vendor with no matching M2M row.
Unmatched,MRO Americas 2022,00901JYNPTGSYLF8vdc0,,,,,Bill.com vendor with no matching M2M row.
Unmatched,Terminix,00901BEYXGXOKNX8vdc1,,,,,Bill.com vendor with no matching M2M row.
Unmatched,Total Quality Logistics,00901ZSKAKPZVQP8vdc2,,11002975,,,Bill.com vendor with no matching M2M row.
Unmatched,Seacoast Leasing*,00901RSQCSDDNWV8vdel,,,,,Bill.com vendor with no matching M2M row.
Unmatched,American Society of Safety Professionals,00901BDZAKSIKVR8vdem,,,,,Bill.com vendor with no matching M2M row.
Unmatched,APPLE,00901WDWVCWTFBZ8vden,,,,,Bill.com vendor with no matching M2M row.
Unmatched,LAKE MARY EYE CARE,00901MDOZVFJXUR8vdep,,,,,Bill.com vendor with no matching M2M row.
Unmatched,Seacoast National Bank,00901VMEKWZFVCF8vdeq,,,,,Bill.com vendor with no matching M2M row.
Unmatched,Fathom,00901AZKLNFVNUD8vd07,,,,,Bill.com vendor with no matching M2M row.
Unmatched,Florida Division of Corporations,00901FCQOPAPEXM8vd08,,,,,Bill.com vendor with no matching M2M row.
Unmatched,Neuco Distributors,00901NTLGJKPCHQ8vd31,,,,,Bill.com vendor with no matching M2M row.
Unmatched,Nova Manufactoring,00901AVHRBRDAPZ8vd34,,,,,Bill.com vendor with no matching M2M row.
Unmatched,Orbitz,00901JPPDXMOKUI8vd37,,,,,Bill.com vendor with no matching M2M row.
Unmatched,Orlando Laser Engraving,00901MVHUWROKYY8vd38,,,,,Bill.com vendor with no matching M2M row.
Unmatched,PCA,00901SNDDZGLSVF8vd39,,,,,Bill.com vendor with no matching M2M row.
Unmatched,Generic Vendor,00901GFQEQXCKWY8vd63,,,,,Bill.com vendor with no matching M2M row.
Unmatched,Embassy Suites,00901FCGFECRJYD8vd64,,,,,Bill.com vendor with no matching M2M row.
Unmatched,Mapco Express,00901VRABLDPWIT8vd65,,,,,Bill.com vendor with no matching M2M row.
Unmatched,T-Mobile / Sprint,00901WRBBXDPYYJ8vd66,,258050454,,,Bill.com vendor with no matching M2M row.
Unmatched,A Sun State Trees,00901DGITECDDXS8vd67,,,,,Bill.com vendor with no matching M2M row.
Unmatched,UPS Freight,00901KZNQBJVIFF8vd68,,12773956,,,Bill.com vendor with no matching M2M row.
Unmatched,Ace Welding Fabrication,00901PBHNVSGVCA8vd69,,,,,Bill.com vendor with no matching M2M row.
Unmatched,Courses by Ziplines,00901QPLTPCIIOW8vd6a,,,,,Bill.com vendor with no matching M2M row.
Unmatched,Ogden Eccles Conference,00901JHBUUWKWCV8vd6b,,,,,Bill.com vendor with no matching M2M row.
Unmatched,Sams Club,00901GIIFNJYNYF8vd6c,,,,,Bill.com vendor with no matching M2M row.
Unmatched,First Express Logistics Inc.,00901WVAFAXOPZZ8vd94,,,,,Bill.com vendor with no matching M2M row.
Unmatched,ADAFruit Electronics,00901XQIDILJWGT8vd95,,,,,Bill.com vendor with no matching M2M row.
Unmatched,BT Events,00901THNAJRMXAF8vd96,,,,,Bill.com vendor with no matching M2M row.
Unmatched,DLX for Small Business,00901NNHHRURBNO8vd97,,,,,Bill.com vendor with no matching M2M row.
Unmatched,Four Seasons,00901UCKXGJFBFQ8vd98,,,,,Bill.com vendor with no matching M2M row.
Unmatched,Industrial General,00901TGPDCNMSUN8vd99,,,,,Bill.com vendor with no matching M2M row.
Unmatched,JP Display,00901YEIWKJNZWL8vd9a,,,,,Bill.com vendor with no matching M2M row.
Unmatched,JS Display,00901ETPIZIETFQ8vd9b,,,,,Bill.com vendor with no matching M2M row.
Unmatched,SAE International Web,00901RCPKSEHPES8vd9c,,,,,Bill.com vendor with no matching M2M row.
Unmatched,UPS,00901CFPKGIYUXI8vdc5,,A869V6,,,Bill.com vendor with no matching M2M row.
Unmatched,Aloft Tallahassee Downtown,00901RUUWFTJNRU8vdc6,,,,,Bill.com vendor with no matching M2M row.
Unmatched,Bitly,00901ICWSHIHJXF8vdc7,,,,,Bill.com vendor with no matching M2M row.
Unmatched,FL CHARITY GOLF EVENTS,00901DARTUEZJYN8vdc8,,,,,Bill.com vendor with no matching M2M row.
Unmatched,Zaxby's,00901YFRJCTNBBI8vdc9,,,,,Bill.com vendor with no matching M2M row.
Unmatched,ZENWORK - 1099TAX,00901PQCQTRRWRU8vdca,,,,,Bill.com vendor with no matching M2M row.
Unmatched,Survey Monkey,00901LHEBUSERLS8vdeu,,,,,Bill.com vendor with no matching M2M row.
Unmatched,Penn Stainless Products,00901ZMEHUMVOJN8vdev,,,,,Bill.com vendor with no matching M2M row.
Unmatched,"Aerotek, Inc",00901XUTAEKYVGC8vdew,,,,,Bill.com vendor with no matching M2M row.
Unmatched,T Force Freight,00901EIUIEFFDUK8vdey,,,,,Bill.com vendor with no matching M2M row.
Unmatched,Astrea IT Services Private Limited,00901HBGKZJQCAZ8vdez,,,,,Bill.com vendor with no matching M2M row.
Unmatched,James Industrial Services,00901AGYCFQBZRA8vdf0,,,,,Bill.com vendor with no matching M2M row.
Unmatched,Peter Bagley,00901JMEXBQBNPA8vdf1,,,,,Bill.com vendor with no matching M2M row.
Unmatched,National Space Club,00901RMJJHNGZSZ8vd09,,,,,Bill.com vendor with no matching M2M row.
Unmatched,Acme Cap & Branding,00901WEKMXYODPA8vd0a,,,,,Bill.com vendor with no matching M2M row.
Unmatched,Creative Signs,00901WULKRMXNSY8vd0b,,,,,Bill.com vendor with no matching M2M row.
Unmatched,Barak and Brazos Engineering,00901PZBCLEVJVI8vd0c,,,,,Bill.com vendor with no matching M2M row.
Unmatched,Precision Grinding Inc.,00901HFFONHPBQT8vd0d,,,,,Bill.com vendor with no matching M2M row.
Unmatched,PBExpo LLC,00901XZPPKRXATY8vd0f,,,,,Bill.com vendor with no matching M2M row.
Unmatched,Qingdao Jinghong Precision Co.,00901UFCVJVPXAQ8vd3b,,,,,Bill.com vendor with no matching M2M row.
Unmatched,Quickturn Engineering,00901SWYDMVRJAW8vd3c,,,,,Bill.com vendor with no matching M2M row.
Unmatched,Racetrac,00901SNPZCNEWVX8vd3e,,,,,Bill.com vendor with no matching M2M row.
Unmatched,Regiment Logistics,00901WOGBUQIWRG8vd3f,,,,,Bill.com vendor with no matching M2M row.
Unmatched,Premier Consulting & Integration,00901DGLYWSWHGK8vd3i,,,,,Bill.com vendor with no matching M2M row.
Unmatched,Primary Machine & Repair,00901RKPPPACBFU8vd3j,,,,,Bill.com vendor with no matching M2M row.
Unmatched,Professional Plastics,00901DSQRVHYJCM8vd3k,,,,,Bill.com vendor with no matching M2M row.
Unmatched,"Innotech Laser, LLC",00901VALQJOJSJE8vd6d,,,,,Bill.com vendor with no matching M2M row.
Unmatched,Saasant,00901HFNRLGQAUV8vd6e,,,,,Bill.com vendor with no matching M2M row.
Unmatched,Turbify,00901ODJGVELWXJ8vd6f,,,,,Bill.com vendor with no matching M2M row.
Unmatched,Murphy Gas,00901HZXGXFFKZL8vd6g,,,,,Bill.com vendor with no matching M2M row.
Unmatched,Google Ads,00901ULUFOBMPTW8vd6h,,,,,Bill.com vendor with no matching M2M row.
Unmatched,Hardware Source,00901FZVCKXPYKP8vd6i,,,,,Bill.com vendor with no matching M2M row.
Unmatched,McClure Oil,00901ROKNWLGQRP8vd6j,,,,,Bill.com vendor with no matching M2M row.
Unmatched,Aero Rubber Company,00901FAXNNSVJAG8vd6k,,,,,Bill.com vendor with no matching M2M row.
Unmatched,"Diversified Bronze Manufacturing, Inc.",00901XIKUBPVMMF8vd6l,,,,,Bill.com vendor with no matching M2M row.
Unmatched,"Aero-Hose, Corp.",00901CQJLKBXSKH8vd6m,,,,,Bill.com vendor with no matching M2M row.
Unmatched,Slatpro,00901KAKCOJHXXQ8vd9d,,,,,Bill.com vendor with no matching M2M row.
Unmatched,SmartSign,00901JIATGFQGOT8vd9e,,,,,Bill.com vendor with no matching M2M row.
Unmatched,Thermodyn,00901QTPKPQAZBW8vd9f,,,,,Bill.com vendor with no matching M2M row.
Unmatched,Seminole County Tax Collector,00901ZDDFJNOXIP8vd9g,,,,,Bill.com vendor with no matching M2M row.
Unmatched,CertifyMe.net,00901ZIILTFYFDP8vd9h,,,,,Bill.com vendor with no matching M2M row.
Unmatched,McClure Store,00901DROBCQNJTU8vd9i,,,,,Bill.com vendor with no matching M2M row.
Unmatched,SME Events,00901YSZTMRQKKR8vd9j,,,,,Bill.com vendor with no matching M2M row.
Unmatched,TST Ambar Chicago,00901QRVNYZHRIP8vd9k,,,,,Bill.com vendor with no matching M2M row.
Unmatched,Barajas Concrete BC,00901IBSLIUPXVL8vd9l,,,,,Bill.com vendor with no matching M2M row.
Unmatched,Ferguson Enterprises,00901QCWXSXDGSL8vd9m,,97147,,,Bill.com vendor with no matching M2M row.
Unmatched,"Smithers Quality Assessments, Inc.",00901HXJAEQMPNR8vdcc,,,,,Bill.com vendor with no matching M2M row.
Unmatched,Online Metals,00901LFUPUPTBUM8vdcd,,,,,Bill.com vendor with no matching M2M row.
Unmatched,4Imprint,00901VQUIFNCBNS8vdcg,,,,,Bill.com vendor with no matching M2M row.
Unmatched,Commercial Credit Group,00901DJLXKRODBD8vdch,,7M11202001 / 7M11132001,,,Bill.com vendor with no matching M2M row.
Unmatched,Doudney Sheet Metal,00901PRLNZXTKBT8vdci,,,,,Bill.com vendor with no matching M2M row.
Unmatched,Aptean Inc.,00901BELPFVJYQP8vdf5,,1761998,,,Bill.com vendor with no matching M2M row.
Unmatched,"Level Resources, LLC",00901FYTOXGBURH8vdf8,,,,,Bill.com vendor with no matching M2M row.
Unmatched,"Amazon Capital Services, Inc.",00901YFKUWRBATN8vdf9,,,,,Bill.com vendor with no matching M2M row.
Unmatched,Florida Metallizing Services,00901ELLVIBHIUL8vd0g,,,,,Bill.com vendor with no matching M2M row.
Unmatched,7-Eleven,00901RSGJUBKCCT8vd0h,,,,,Bill.com vendor with no matching M2M row.
Unmatched,Accurate Technology,00901APXZBWDMQD8vd0i,,,,,Bill.com vendor with no matching M2M row.
Unmatched,ABSCO Industrial Weighing & Equipment,00901FQXMXOWMJO8vd0j,,,,,Bill.com vendor with no matching M2M row.
Unmatched,Adilson Silva,00901APQCZGRTGZ8vd0l,,,,,Bill.com vendor with no matching M2M row.
Unmatched,Sareal Entertainment,00901NLOJSMZIAL8vd3l,,,,,Bill.com vendor with no matching M2M row.
Unmatched,Seacoast National Bank - Nissan Truck,00901QMMRCSVQGQ8vd3m,,,,,Bill.com vendor with no matching M2M row.
Unmatched,Selectwo Machine Company inc.,00901TQKUVDNDZC8vd3n,,,,,Bill.com vendor with no matching M2M row.
Unmatched,Sierra Victor Industries,00901OKONIAQCYB8vd3o,,,,,Bill.com vendor with no matching M2M row.
Unmatched,Sackett Machine and Repairs,00901VQUSVHHBIN8vd3p,,,,,Bill.com vendor with no matching M2M row.
Unmatched,Sam's Club,00901KVRCSWYLDF8vd3q,,,,,Bill.com vendor with no matching M2M row.
Unmatched,Sams Gas,00901ETXHJBFQYE8vd3r,,,,,Bill.com vendor with no matching M2M row.
Unmatched,Sonny's BBQ,00901VIYXBUBBPU8vd3t,,,,,Bill.com vendor with no matching M2M row.
Unmatched,Supplyhouse.com,00901NUJQAEMDZH8vd3u,,,,,Bill.com vendor with no matching M2M row.
Unmatched,American Material Handling,00901ONEPPSPWBW8vd6o,,,,,Bill.com vendor with no matching M2M row.
Unmatched,Coating Technology,00901BXOIGHVAVM8vd6p,,,,,Bill.com vendor with no matching M2M row.
Unmatched,Barajas Concrete,00901RWHENHFJJJ8vd6q,,,,,Bill.com vendor with no matching M2M row.
Unmatched,Reed Motors,00901FBIYVOTPYB8vd6r,,,,,Bill.com vendor with no matching M2M row.
Unmatched,Trailer Plus,00901VZNESQBMSA8vd6s,,,,,Bill.com vendor with no matching M2M row.
Unmatched,Bostick & Sullivan,00901WNEYQHOKFS8vd6t,,,,,Bill.com vendor with no matching M2M row.
Unmatched,"Orlando Products, Inc.",00901MWESQLPJOE8vd6u,,,,,Bill.com vendor with no matching M2M row.
Unmatched,Helicopter Association International,00901GKTARSMYGL8vd6v,,,,,Bill.com vendor with no matching M2M row.
Unmatched,Alliance Travel,00901ZXVOFYYWGM8vd6w,,,,,Bill.com vendor with no matching M2M row.
Unmatched,All Weld Products,00901REPHJYEEUH8vd9n,,,,,Bill.com vendor with no matching M2M row.
Unmatched,Vishay Measurement,00901ECWOLRIMDY8vd9p,,,,,Bill.com vendor with no matching M2M row.
Unmatched,Cozy Suites,00901WNOHJJTBUE8vd9q,,,,,Bill.com vendor with no matching M2M row.
Unmatched,Butcher's Nook,00901FXRSOKPXOX8vd9r,,,,,Bill.com vendor with no matching M2M row.
Unmatched,Canva US,00901KPSMDKWGNF8vd9s,,,,,Bill.com vendor with no matching M2M row.
Unmatched,Discount Zone,00901CIMSYEBFFN8vd9t,,,,,Bill.com vendor with no matching M2M row.
Unmatched,Halls on 5th,00901UDXCCBBMCW8vd9u,,,,,Bill.com vendor with no matching M2M row.
Unmatched,NCMA,00901NBNHDHIJSX8vd9v,,,,,Bill.com vendor with no matching M2M row.
Unmatched,Esteban Rincon,00901AASYNZKHCN8vd9w,,,,,Bill.com vendor with no matching M2M row.
Unmatched,SIMS CRANE & EQUIPMENT CO,00901KQATYIZNAT8vdcn,,,,,Bill.com vendor with no matching M2M row.
Unmatched,Fire Tech Extinguisher Service & Safety,00901PKJJVMQCEI8vdco,,,,,Bill.com vendor with no matching M2M row.
Unmatched,Microsoft Bing,00901ENDUDDGLOW8vdcq,,,,,Bill.com vendor with no matching M2M row.
Unmatched,Printels,00901AANPSPVXVL8vdcr,,,,,Bill.com vendor with no matching M2M row.
Unmatched,Reddit Inc,00901UTGVQTZESE8vdcs,,,,,Bill.com vendor with no matching M2M row.
Unmatched,Michael Curry,00901ENOVIAOSTY8vdcu,,,,,Bill.com vendor with no matching M2M row.
Unmatched,AirBnB,00901OHVKHMCVTG8vd0o,,,,,Bill.com vendor with no matching M2M row.
Unmatched,Allianz Global Assistance,00901FXJRKIMYWP8vd0p,,,,,Bill.com vendor with no matching M2M row.
Unmatched,Applied Industrial Technologies,00901FSLVRSPAFC8vd0r,,,,,Bill.com vendor with no matching M2M row.
Unmatched,Synergy Metal Finishing,00901WOVFBYOUIC8vd3v,,,,,Bill.com vendor with no matching M2M row.
Unmatched,T Force Logistics,00901BGUGKGEANG8vd3w,,,,,Bill.com vendor with no matching M2M row.
Unmatched,"Taylor Business Strategies, Inc.",00901PJHIRCJTDK8vd3x,,,,,Bill.com vendor with no matching M2M row.
Unmatched,TForce Worldwide,00901JKQDAYQRQA8vd41,,,,,Bill.com vendor with no matching M2M row.
Unmatched,Southwest Airlines,00901MTZZARDZIL8vd42,,,,,Bill.com vendor with no matching M2M row.
Unmatched,SpecTech USA,00901HICREQUIQR8vd43,,,,,Bill.com vendor with no matching M2M row.
Unmatched,SpectroMagic,00901KCVQPSLHHD8vd44,,,,,Bill.com vendor with no matching M2M row.
Unmatched,Tuli-Shop,00901XCJRRAZAQB8vd6x,,,,,Bill.com vendor with no matching M2M row.
Unmatched,Google Services,00901BKIXJWYSMC8vd6y,,,,,Bill.com vendor with no matching M2M row.
Unmatched,All Pro Rigging,00901CMVEVLIHNU8vd6z,,,,,Bill.com vendor with no matching M2M row.
Unmatched,Burr Insurance LLC,00901GBZNMHLYJQ8vd70,,,,,Bill.com vendor with no matching M2M row.
Unmatched,Cengage Learning,00901SANWAVFSZF8vd71,,,,,Bill.com vendor with no matching M2M row.
Unmatched,Dale Carnegie,00901ACKRQDDCIJ8vd72,,,,,Bill.com vendor with no matching M2M row.
Unmatched,Dale Carnegie Digital,00901KLMVJQJITM8vd73,,,,,Bill.com vendor with no matching M2M row.
Unmatched,Tampa International Airport,00901HZBWOMIZEB8vd74,,,,,Bill.com vendor with no matching M2M row.
Unmatched,Zoom.com,00901XIITEZIKDC8vd75,,,,,Bill.com vendor with no matching M2M row.
Unmatched,Discount Rubber,00901PKUXPXTJAQ8vd9x,,,,,Bill.com vendor with no matching M2M row.
Unmatched,CliftonLarsonAllen LLP,00901RRXGBEWBYR8vd9y,,B119570,,,Bill.com vendor with no matching M2M row.
Unmatched,Melio,00901ISFUUHYLCE8vd9z,,,,,Bill.com vendor with no matching M2M row.
Unmatched,Speedpro Orlando South,00901DRLVKWJOZT8vda0,,,,,Bill.com vendor with no matching M2M row.
Unmatched,Gravity Forms,00901BASTCBFXUT8vda2,,,,,Bill.com vendor with no matching M2M row.
Unmatched,Erratic Ink,00901JGKLIEJIIV8vda4,,,,,Bill.com vendor with no matching M2M row.
Unmatched,Chicago Metal Rolled Products,00901URHSWNFOXX8vda5,,,,,Bill.com vendor with no matching M2M row.
Unmatched,Mitsubishi Electric Automation,00901AWHFCXHTUM8vda6,,,,,Bill.com vendor with no matching M2M row.
Unmatched,Joseph T. Ryerson & Son,00901IAAKGFOHSC8vdcx,,,,,Bill.com vendor with no matching M2M row.
Unmatched,Optisolutions,00901OFXOTEEETW8vdcy,,,,,Bill.com vendor with no matching M2M row.
Unmatched,Stericycle*,00901VYNQMXOWBC8vdd1,,,,,Bill.com vendor with no matching M2M row.
Unmatched,Stericycle,00901VTIACCOMHQ8vdd2,,,,,Bill.com vendor with no matching M2M row.
Unmatched,Attilio Jose Jorge DiProfio,00901ABFPPQWFHO8vd0v,,,,,Bill.com vendor with no matching M2M row.
Unmatched,Barton Mines Company,00901JUFPEVSJXO8vd0w,,,,,Bill.com vendor with no matching M2M row.
Unmatched,BB&T TRUIST LOC,00901TGZEMBLRNB8vd0x,,,,,Bill.com vendor with no matching M2M row.
Unmatched,"Baileigh Industrial Holdings, LLC",00901PHMYOKTAEV8vd0z,,094701,,,Bill.com vendor with no matching M2M row.
Unmatched,Baker's Gas & Welding Supplies,00901VESKMNZPID8vd10,,,,,Bill.com vendor with no matching M2M row.
Unmatched,Benchmark,00901DFRSQBTBCM8vd11,,,,,Bill.com vendor with no matching M2M row.
Unmatched,Stewart Stainless Supply,00901OWBRRZZHCS8vd47,,,,,Bill.com vendor with no matching M2M row.
Unmatched,TQL,00901ENEUPHUDQC8vd48,,,,,Bill.com vendor with no matching M2M row.
Unmatched,Truist Item Processing Center,00901EIBFUGYXEU8vd49,,,,,Bill.com vendor with no matching M2M row.
Unmatched,Universal Enrollment,00901WUALKYNZTQ8vd4b,,,,,Bill.com vendor with no matching M2M row.
Unmatched,Universal Metals,00901GBOSGQAUIG8vd4c,,,,,Bill.com vendor with no matching M2M row.
Unmatched,US Bank,00901ASFNAFSVQG8vd4d,,5592 5700 0207 3968,,,Bill.com vendor with no matching M2M row.
Unmatched,Perry Johnson Registrars Inc,00901MFLEFLPEMS8vd78,,,,,Bill.com vendor with no matching M2M row.
Unmatched,Brand 825 C-130,00901ABPVDVLTLL8vd79,,,,,Bill.com vendor with no matching M2M row.
Unmatched,F15 TCP WWR,00901MOGJVEQRCK8vd7a,,,,,Bill.com vendor with no matching M2M row.
Unmatched,BT Wire and Cable,00901QBJFWYVYEI8vd7b,,,,,Bill.com vendor with no matching M2M row.
Unmatched,Greater Palm Bay,00901FQRGQECYUT8vd7c,,,,,Bill.com vendor with no matching M2M row.
Unmatched,BT Cable Ties and More,00901QINZPQTJHP8vd7f,,,,,Bill.com vendor with no matching M2M row.
Unmatched,First Quality Forklift Training,00901OGOAVVNPLQ8vd7g,,,,,Bill.com vendor with no matching M2M row.
Unmatched,Nelson's Tents and Events,00901JBLYDXCDXV8vda7,,,,,Bill.com vendor with no matching M2M row.
Unmatched,Performance Powder Coating II,00901FDTNEREAPY8vda8,,,,,Bill.com vendor with no matching M2M row.
Unmatched,West American Rubber Co.,00901HMWUPFXIPU8vda9,,,,,Bill.com vendor with no matching M2M row.
Unmatched,CNN News,00901VVORIUHIQO8vdaa,,,,,Bill.com vendor with no matching M2M row.
Unmatched,Hotel.com,00901OKRTIOEZWV8vdab,,,,,Bill.com vendor with no matching M2M row.
Unmatched,Merpago,00901XPCYRXSSDO8vdac,,,,,Bill.com vendor with no matching M2M row.
Unmatched,Kabtech Corp.*,00901THSEVOYWSU8vdad,,,,,Bill.com vendor with no matching M2M row.
Unmatched,Priceline,00901JWBQYNPUZR8vdae,,,,,Bill.com vendor with no matching M2M row.
Unmatched,FK Winter Garden,00901THLJGXCEOZ8vdaf,,,,,Bill.com vendor with no matching M2M row.
Unmatched,Uber Freight,00901YIAQPHUCBN8vdd4,,,,,Bill.com vendor with no matching M2M row.
Unmatched,LK Electrical Contractors and Services,00901SFUTYBDFDU8vdd6,,,,,Bill.com vendor with no matching M2M row.
Unmatched,The SolidExperts,00901KYJPTCSYMH8vdd8,,22386,,,Bill.com vendor with no matching M2M row.
Unmatched,Waste Pro - Orlando,00901PRALQWUTGQ8vdda,,0001422742,,,Bill.com vendor with no matching M2M row.
Unmatched,Buffalo Hydraulic Supply,00901BXELTVXTMP8vd14,,,,,Bill.com vendor with no matching M2M row.
Unmatched,Certified Slings & Supply,00901PIVMCRVWGS8vd16,,,,,Bill.com vendor with no matching M2M row.
Unmatched,CyberWeld,00901LUQUOISOIC8vd1b,,,,,Bill.com vendor with no matching M2M row.
Unmatched,Dan's Saw & Tool,00901SDPEAEYNTV8vd1c,,,,,Bill.com vendor with no matching M2M row.
Unmatched,Tom's Forklift Service,00901RGXRIZKGPO8vd4f,,,,,Bill.com vendor with no matching M2M row.
Unmatched,Warco Biltrite,00901WBSTFRBSPK8vd4g,,,,,Bill.com vendor with no matching M2M row.
Unmatched,Watson Electric,00901WIVLYUBGHH8vd4h,,,,,Bill.com vendor with no matching M2M row.
Unmatched,WebFX,00901TQDYQEVKWH8vd4i,,,,,Bill.com vendor with no matching M2M row.
Unmatched,Yeager Manufacturing,00901DUYRTGSSXX8vd4k,,,,,Bill.com vendor with no matching M2M row.
Unmatched,Viana All Solutions,00901OEDDVRVHLP8vd4l,,,,,Bill.com vendor with no matching M2M row.
Unmatched,"Viking Tool and Gage, Inc.",00901TQJZENKQVV8vd4m,,,,,Bill.com vendor with no matching M2M row.
Unmatched,"VisiMark, Inc.",00901TEUKJDWCTZ8vd4n,,,,,Bill.com vendor with no matching M2M row.
Unmatched,Vistaprint,00901JYUSNLWKMK8vd4o,,,,,Bill.com vendor with no matching M2M row.
Unmatched,"International Configurations, Inc.",00901WCDYUCYDBN8vd7h,,,,,Bill.com vendor with no matching M2M row.
Unmatched,Newegg,00901VAAPAFNQGQ8vd7i,,,,,Bill.com vendor with no matching M2M row.
Unmatched,WifiOnBoard,00901XFSBDFMTBM8vd7j,,,,,Bill.com vendor with no matching M2M row.
Unmatched,"Air Cleaning Specialist, Inc.",00901RBYAQZWYYS8vd7k,,JET3270,,,Bill.com vendor with no matching M2M row.
Unmatched,Dave's Locksmith,00901OAQKHNTKMX8vd7l,,,,,Bill.com vendor with no matching M2M row.
Unmatched,Zeffy FSMSDC,00901MHVFGMGAPZ8vd7m,,,,,Bill.com vendor with no matching M2M row.
Unmatched,"Shutterstock, Inc.",00901MGVXUAVKOB8vd7n,,,,,Bill.com vendor with no matching M2M row.
Unmatched,R & L Carriers,00901GYINZUWPGD8vd7o,,,,,Bill.com vendor with no matching M2M row.
Unmatched,Marketri,00901JLEXUJXEHB8vd7p,,2585,,,Bill.com vendor with no matching M2M row.
Unmatched,Andy's Garage,00901UAYSELSKYM8vdah,,,,,Bill.com vendor with no matching M2M row.
Unmatched,BT Trick Tools,00901FPSXILKLXP8vdaj,,,,,Bill.com vendor with no matching M2M row.
Unmatched,Central Parking System,00901ECPAAAOZRP8vdak,,,,,Bill.com vendor with no matching M2M row.
Unmatched,Crown Awards,00901YBFPTSQQNM8vdal,,,,,Bill.com vendor with no matching M2M row.
Unmatched,Florida Turnpike,00901BJOWCUUMIO8vdam,,,,,Bill.com vendor with no matching M2M row.
Unmatched,LGA Cibo Express,00901SEINDLHOZO8vdan,,,,,Bill.com vendor with no matching M2M row.
Unmatched,Seastrom,00901YOIECUSTDN8vdao,,,,,Bill.com vendor with no matching M2M row.
Unmatched,kimball digital,00901ZGQYGLQCTC8vdap,,,,,Bill.com vendor with no matching M2M row.
Unmatched,FrieghtQuote.com,00901HWKSJVCAMT8vdaq,,,,,Bill.com vendor with no matching M2M row.
Unmatched,Next Day Display,00901OSCYSPJPJS8vdar,,,,,Bill.com vendor with no matching M2M row.
Unmatched,The AimPoint Group,00901MCKRBOWQSV8vddc,,2024-3686,,,Bill.com vendor with no matching M2M row.
Unmatched,PracticalTek,00901XWTCGGYFVW8vddd,,,,,Bill.com vendor with no matching M2M row.
Unmatched,One Monroe,00901UTAHSHJNGC8vddg,,762627,,,Bill.com vendor with no matching M2M row.
Unmatched,Randstad North America Inc,00901HYBKZLHNNA8vddj,,,,,Bill.com vendor with no matching M2M row.
Unmatched,Commercial Group Lifting Products,00901AWACPZWCGW8vd1e,,,,,Bill.com vendor with no matching M2M row.
Unmatched,"David M Cole, CPA",00901GQKSMPQVEC8vd1f,,,,,Bill.com vendor with no matching M2M row.
Unmatched,Craters & Freighters,00901BXKNLRBLKS8vd1g,,,,,Bill.com vendor with no matching M2M row.
Unmatched,Crawford Thomas LLC,00901PTMWKDPNNU8vd1h,,,,,Bill.com vendor with no matching M2M row.
Unmatched,Deanco Building Solutions,00901IANHOGSKOT8vd1i,,,,,Bill.com vendor with no matching M2M row.
Unmatched,Dela Technologies Corporation,00901YKYMXRDXHX8vd1j,,,,,Bill.com vendor with no matching M2M row.
Unmatched,Elite Signs & Graphics,00901UJCBFSLMEV8vd1k,,,,,Bill.com vendor with no matching M2M row.
Unmatched,Ebay Vendor,00901CTNREGIFEG8vd1l,,,,,Bill.com vendor with no matching M2M row.
Unmatched,Enterprise Rent a Car,00901DPVKWNQOKF8vd1m,,,,,Bill.com vendor with no matching M2M row.
Unmatched,NCIG,00901DPBQYCPVYH8vd4p,,,,,Bill.com vendor with no matching M2M row.
Unmatched,BT Image 3D Retro,00901GOHGYADYUD8vd4q,,,,,Bill.com vendor with no matching M2M row.
Unmatched,National Tolls,00901LNZILVDUYP8vd4s,,,,,Bill.com vendor with no matching M2M row.
Unmatched,Sea Air Space,00901YODMLXKMWX8vd4t,,,,,Bill.com vendor with no matching M2M row.
Unmatched,"Tile, Inc.",00901MKXVWYAMCZ8vd4u,,,,,Bill.com vendor with no matching M2M row.
Unmatched,"PreciseCal Services, Inc.",00901CXIAPRUPGC8vd4v,,,,,Bill.com vendor with no matching M2M row.
Unmatched,NGIC,00901PSORHQEYVS8vd4w,,,,,Bill.com vendor with no matching M2M row.
Unmatched,AP Spend Account,00901FHUXXKNOZN8vd4x,,,,,Bill.com vendor with no matching M2M row.
Unmatched,Beaver Door,00901OBRHHFUBEE8vd4y,,,,,Bill.com vendor with no matching M2M row.
Unmatched,Florida State Trading,00901FLIFYPZIUS8vd4z,,,,,Bill.com vendor with no matching M2M row.
Unmatched,Arcbondmobile.com,00901BXYRXXDSYR8vd7r,,,,,Bill.com vendor with no matching M2M row.
Unmatched,Samurai Steakhouse,00901RWCJLMTHJS8vd7s,,,,,Bill.com vendor with no matching M2M row.
Unmatched,CM Life Safety Solutions,00901YIZADCSXQX8vd7t,,,,,Bill.com vendor with no matching M2M row.
Unmatched,SP Rubberstamps.com,00901WHVMIWGHCV8vd7u,,,,,Bill.com vendor with no matching M2M row.
Unmatched,GEICO,00901PDHHATYVAF8vd7v,,9300182900,,,Bill.com vendor with no matching M2M row.
Unmatched,Crosslink Paints,00901HBTVIJYIYD8vd7x,,,,,Bill.com vendor with no matching M2M row.
Unmatched,Cricut,00901ROEEVTTENT8vd7y,,,,,Bill.com vendor with no matching M2M row.
Unmatched,Adobe Inc.,00901GSAJTMDHGZ8vd7z,,,,,Bill.com vendor with no matching M2M row.
Unmatched,Encore Group,00901FCOHHSFCYD8vd80,,,,,Bill.com vendor with no matching M2M row.
Unmatched,OpenAI,00901QLSNAIGHXD8vdas,,,,,Bill.com vendor with no matching M2M row.
Unmatched,SP Maverick-Abrasive,00901BEMEWOMNCT8vdav,,,,,Bill.com vendor with no matching M2M row.
Unmatched,SP The Rust Store,00901DJWWLCGMPP8vdaw,,,,,Bill.com vendor with no matching M2M row.
Unmatched,Timacuan Golf Club,00901VZYLXUOSBP8vdax,,,,,Bill.com vendor with no matching M2M row.
Unmatched,Florida Makes,00901MTUCQAZRWG8vday,,,,,Bill.com vendor with no matching M2M row.
Unmatched,FloridaMakes,00901TONOCNDJZK8vdaz,,,,,Bill.com vendor with no matching M2M row.
Unmatched,45 Transportation,00901ILLREECOYM8vdb0,,,,,Bill.com vendor with no matching M2M row.
Unmatched,SP Siegmundusa,00901FGYHAXGTSF8vdb1,,,,,Bill.com vendor with no matching M2M row.
Unmatched,Korn Ferry,00901ACGTORMXIZ8vddr,,,,,Bill.com vendor with no matching M2M row.
Unmatched,Express Machine Tool Service,00901NTFYOZTZGI8vd1o,,,,,Bill.com vendor with no matching M2M row.
Unmatched,Fabricators & Manufacturers Assn.,00901RPCAUDBYXG8vd1p,,,,,Bill.com vendor with no matching M2M row.
Unmatched,FermiTron,00901TBXXYLMZHO8vd1r,,,,,Bill.com vendor with no matching M2M row.
Unmatched,Fastsigns,00901SAPNOVPPFE8vd1s,,,,,Bill.com vendor with no matching M2M row.
Unmatched,Forest City Companies,00901UNGCHKDIRR8vd1v,,,,,Bill.com vendor with no matching M2M row.
Unmatched,Mod Displays,00901AYTDDXFGGA8vd50,,,,,Bill.com vendor with no matching M2M row.
Unmatched,Visual Signs,00901IKZUHFDGZH8vd51,,,,,Bill.com vendor with no matching M2M row.
Unmatched,United Trophy and Awards,00901OQTWSBTJEV8vd52,,,,,Bill.com vendor with no matching M2M row.
Unmatched,PNC Bank Credit Card,00901GFZQIXYLYO8vd54,,XXXX 4310,,,Bill.com vendor with no matching M2M row.
Unmatched,Tucker Outdoor Services,00901ZXSHWMNDNS8vd55,,,,,Bill.com vendor with no matching M2M row.
Unmatched,Colonial Life Insurance Premiums,00901KHLBFHYSNJ8vd57,,55529630307013,,,Bill.com vendor with no matching M2M row.
Unmatched,"Checkr, Inc.",00901VKFGEBNRSY8vd58,,1163684,,,Bill.com vendor with no matching M2M row.
Unmatched,"Aviator Gear, Inc.",00901CWOHQOUVEO8vd81,,,,,Bill.com vendor with no matching M2M row.
Unmatched,Axe Signs Wayfinding,00901SABRPYPAVO8vd85,,,,,Bill.com vendor with no matching M2M row.
Unmatched,"JSM Ten, LLC dba Craters & Freighters of Greater Orlando",00901UOBJXCLOYL8vd86,,,,,Bill.com vendor with no matching M2M row.
Unmatched,Training.com,00901HXEIJIPWUE8vd88,,,,,Bill.com vendor with no matching M2M row.
Unmatched,Clerk of Courts,00901VGWHBVLARY8vd89,,,,,Bill.com vendor with no matching M2M row.
Unmatched,Digi-Key Electronics,00901KXLKPZXPQX8vdb4,,3807152,,,Bill.com vendor with no matching M2M row.
Unmatched,The Hartford - 16165551,00901AVOOXZWKQN8vdb5,,16165551,,,Bill.com vendor with no matching M2M row.
Unmatched,Industrial Tube & Steel,00901LLVAKLTGPL8vdb6,,,,,Bill.com vendor with no matching M2M row.
Unmatched,E-Sector,00901OOTFZPWJAD8vdb9,,,,,Bill.com vendor with no matching M2M row.
Unmatched,Q1Media,00901UEIVWGGFVV8vdba,,,,,Bill.com vendor with no matching M2M row.
Unmatched,Trifecta Media LLC,00901FWHRZDURDE8vddx,,,,,Bill.com vendor with no matching M2M row.
Unmatched,"Ace Staffing, Inc",00901TWXBEMFDJZ8vddy,,004/0022-000,,,Bill.com vendor with no matching M2M row.
Unmatched,Florida Motion & Control,00901OWRFOWAXVO8vd1x,,,,,Bill.com vendor with no matching M2M row.
Unmatched,Govtribe.com,00901YKRTIDNAFN8vd1z,,,,,Bill.com vendor with no matching M2M row.
Unmatched,"Ground-One Plumbing, Inc.",00901URMQBWFZLI8vd23,,,,,Bill.com vendor with no matching M2M row.
Unmatched,Hobson Manufacturing,00901PVHDZKCYTC8vd24,,,,,Bill.com vendor with no matching M2M row.
Unmatched,Holiday Inn,00901KKBDONMHNR8vd25,,,,,Bill.com vendor with no matching M2M row.
Unmatched,American Express Travel,00901UPGDNATXJP8vd59,,,,,Bill.com vendor with no matching M2M row.
Unmatched,Foundation for Seminole State College,00901LREAHWJSQU8vd5a,,10/28/2024,,,Bill.com vendor with no matching M2M row.
Unmatched,NTS Technical Systems,00901DOLSNIRHPK8vd5c,,INP0009479,,,Bill.com vendor with no matching M2M row.
Unmatched,Mainstreethost,00901OMZGQCJXCW8vd5e,,,,,Bill.com vendor with no matching M2M row.
Unmatched,Precise Cast Prototypes & Engineering,00901VYHICRZQTJ8vd5f,,209702,,,Bill.com vendor with no matching M2M row.
Unmatched,Principal Life Insurance Company,00901UNBYJQIFRN8vd5g,,1131612-10001,,,Bill.com vendor with no matching M2M row.
Unmatched,Department of State,00901VEZPOTAFVA8vd8a,,,,,Bill.com vendor with no matching M2M row.
Unmatched,Apopka Area Chamber of Commerce,00901DYQTSVKJEK8vd8b,,,,,Bill.com vendor with no matching M2M row.
Unmatched,The Concrete Edge Company,00901NMDQSSBEEY8vd8c,,,,,Bill.com vendor with no matching M2M row.
Unmatched,DRI Uprinting,00901GNYTZPZWFD8vd8d,,,,,Bill.com vendor with no matching M2M row.
Unmatched,GoTo,00901OIWOUIJLYW8vd8e,,,,,Bill.com vendor with no matching M2M row.
Unmatched,Rainaldi Plumbing,00901KBWCVLOFUO8vd8f,,,,,Bill.com vendor with no matching M2M row.
Unmatched,Pam Iorio Garage,00901YPEQAPZJWQ8vd8g,,,,,Bill.com vendor with no matching M2M row.
Unmatched,IAAPA Expo,00901SPJDAKGHHL8vd8i,,,,,Bill.com vendor with no matching M2M row.
Unmatched,Project Management,00901NXHRVDTCHV8vd8j,,,,,Bill.com vendor with no matching M2M row.
Unmatched,Quantum Machinery Group,00901NJOQAWZECV8vdbd,,,,,Bill.com vendor with no matching M2M row.
Unmatched,Richard T. Martin P.E.,00901UIGYYMMXOR8vdbf,,,,,Bill.com vendor with no matching M2M row.
Unmatched,Dynamic Non-Destructive Testing,00901GREQOTAMEJ8vdbi,,,,,Bill.com vendor with no matching M2M row.
Unmatched,AWG American Welding & Gas,00901LRINXULUXG8vdbj,,0010479852,,,Bill.com vendor with no matching M2M row.
Unmatched,Earl M. Jorgesen Company,00901UOVPGFLQPJ8vde1,,,,,Bill.com vendor with no matching M2M row.
Unmatched,The Hartford - 16165475,00901QCXWSTCUOL8vde6,,16165475,,,Bill.com vendor with no matching M2M row.
Unmatched,"Humana Health Plan, Inc.",00901TGLRZVSLBK8vd27,,841450-001,,,Bill.com vendor with no matching M2M row.
Unmatched,IBC Coatings Technologies,00901ZENLLIEUTP8vd29,,,,,Bill.com vendor with no matching M2M row.
Unmatched,Impress Ink,00901NAMWJPBHNI8vd2a,,,,,Bill.com vendor with no matching M2M row.
Unmatched,Indeed,00901JWRTGQOQYG8vd2b,,,,,Bill.com vendor with no matching M2M row.
Unmatched,GSA Contract,00901JVOXPJZOWO8vd2c,,,,,Bill.com vendor with no matching M2M row.
Unmatched,Kinedyne Corp,00901HZJSECWCIS8vd2e,,,,,Bill.com vendor with no matching M2M row.
Unmatched,"L & S Logistic Services, Inc.",00901HVMINYNJCH8vd2f,,,,,Bill.com vendor with no matching M2M row.
